id;jhi_from;service;time
1;48469;monitor;2020-09-11T22:30:50
2;90598;Rupiah Orchestrator Malaysian Ringgit;2020-09-12T00:12:17
3;6249;salmon upward-trending connect;2020-09-12T04:17:51
4;44495;Buckinghamshire Cambridgeshire;2020-09-12T01:34:36
5;80077;Salad;2020-09-12T01:37:08
6;36148;Outdoors Pike integrate;2020-09-12T07:17:08
7;40818;Legacy Rial Omani;2020-09-12T04:53:40
8;55341;Creek mindshare Wooden;2020-09-12T05:39:19
9;59066;Global multi-tasking Small Soft Salad;2020-09-12T13:17:48
10;38593;olive web-enabled neutral;2020-09-12T02:07:23
